INSERT INTO `group` (`ID`, `NAME`) VALUES ('1', 'Batterijen');
INSERT INTO `category` (`ID`, `DESC`, `GROUPID`) VALUES ('1', 'Batterijen', '1');
INSERT INTO `product` (`ID`, `PRODUCTID`, `CATID`, `DESCRIPTION`, `PRICE`, `STOCK`, `FRONTPAGE`, `NEW`) VALUES ('1', '01F001', '1', 'FIAMO Display + 23 Units of rechargeable batteries, 6x AAA850-4, 6x AA2000UR-4, 6x AA2500-4, 3x PK120, 2x PK030', '268,74', '99999', '0', '0');
INSERT INTO `product` (`ID`, `PRODUCTID`, `CATID`, `DESCRIPTION`, `PRICE`, `STOCK`, `FRONTPAGE`, `NEW`) VALUES ('2', '01F002', '1', 'FIAMO PK030 charger + 4x AA Ultra Rapid batteries (2000mAh in 30 minutes) incl. 12V DC Car adaptor', '35,6', '99999', '0', '0');
INSERT INTO `product` (`ID`, `PRODUCTID`, `CATID`, `DESCRIPTION`, `PRICE`, `STOCK`, `FRONTPAGE`, `NEW`) VALUES ('3', '01F003', '1', 'FIAMO PK120 charger + 4x AA 2500mAh batteries (charge within 120 minutes)', '17,77', '99999', '0', '0');
INSERT INTO `product` (`ID`, `PRODUCTID`, `CATID`, `DESCRIPTION`, `PRICE`, `STOCK`, `FRONTPAGE`, `NEW`) VALUES ('4', '01F004', '1', 'FIAMO FIAMO 4x AAA High Power Ni-MH batteries (850mAh), ideal for high drain devices', '6,35', '99999', '0', '0');
INSERT INTO `product` (`ID`, `PRODUCTID`, `CATID`, `DESCRIPTION`, `PRICE`, `STOCK`, `FRONTPAGE`, `NEW`) VALUES ('5', '01F005', '1', 'FIAMO FIAMO 4x AA Ultra Rapid Ni-MH batteries (2000mAh), specially designed for charging by high current chargers, such as FIAMO POWER KIT 030 – ULTRA RAPID chARGER', '8,49', '99999', '0', '0');
INSERT INTO `product` (`ID`, `PRODUCTID`, `CATID`, `DESCRIPTION`, `PRICE`, `STOCK`, `FRONTPAGE`, `NEW`) VALUES ('6', '01F006', '1', 'FIAMO FIAMO 4x AA Ultra High Power Ni-MH batteries (2500mAh), suitable for digital cameras and camcorders, cell phones, PDA''s, electronic diaries, MP3/DVD/CD players, games, flashlights, pagers, remote control toys, etc', '9,2', '99999', '0', '0');
INSERT INTO `product` (`ID`, `PRODUCTID`, `CATID`, `DESCRIPTION`, `PRICE`, `STOCK`, `FRONTPAGE`, `NEW`) VALUES ('7', '19BE001', '1', 'E-Tech Battery charger prof. with LCD screen and 4x 2500mAh rechargeable batteries', '18,71', '99999', '0', '0');
INSERT INTO `group` (`ID`, `NAME`) VALUES ('2', 'Moederborden');
INSERT INTO `category` (`ID`, `DESC`, `GROUPID`) VALUES ('2', 'MSI', '2');
INSERT INTO `product` (`ID`, `PRODUCTID`, `CATID`, `DESCRIPTION`, `PRICE`, `STOCK`, `FRONTPAGE`, `NEW`) VALUES ('8', '02M002', '2', 'MSI PM8M2-V, µATX, VGA onb, FSB 800, ATA100, SATA RAID, DDR400, 2xPCI, 1x 8xAGP, LAN, USB2.0, Audio 5.1', '38,98', '99999', '0', '0');
INSERT INTO `category` (`ID`, `DESC`, `GROUPID`) VALUES ('3', 'ECS Elitegroup', '2');
INSERT INTO `category` (`ID`, `DESC`, `GROUPID`) VALUES ('4', 'Intel Pentium IV LGA775 for 8xAGP', '2');
INSERT INTO `product` (`ID`, `PRODUCTID`, `CATID`, `DESCRIPTION`, `PRICE`, `STOCK`, `FRONTPAGE`, `NEW`) VALUES ('9', '02E018', '4', 'ECS P4M800PRO-M2 (V2.0) Core 2 Duo Ready, µATX, VGA onb, FSB 1066, ATA100, SATA RAID, DDRII t/m 533, 3xPCI, 1x 8xAGP, LAN, USB2.0, Audio 5.1', '45,22', '99999', '0', '0');
INSERT INTO `product` (`ID`, `PRODUCTID`, `CATID`, `DESCRIPTION`, `PRICE`, `STOCK`, `FRONTPAGE`, `NEW`) VALUES ('10', '02E026', '4', 'ECS 865G-M8 (V1.0), µATX, VGA onb, FSB 800, ATA100, SATA, Dual ch. DDR400, 3xPCI, 1x 8xAGP, LAN, USB2.0, Audio 5.1', '48,79', '99999', '0', '0');
INSERT INTO `product` (`ID`, `PRODUCTID`, `CATID`, `DESCRIPTION`, `PRICE`, `STOCK`, `FRONTPAGE`, `NEW`) VALUES ('11', '02E030', '4', 'ECS 865PE-A7 (V1.0), ATX, FSB 800, ATA100, SATA, Dual ch. DDR400, 3xPCI, 1x 8xAGP, LAN, USB2.0, Audio 5.1', '52,36', '99999', '0', '0');
INSERT INTO `category` (`ID`, `DESC`, `GROUPID`) VALUES ('5', 'Intel Pentium IV LGA775 for PCI-Express', '2');
INSERT INTO `product` (`ID`, `PRODUCTID`, `CATID`, `DESCRIPTION`, `PRICE`, `STOCK`, `FRONTPAGE`, `NEW`) VALUES ('12', '02E025', '5', 'ECS P4M890T-M (V1.0) Core 2 Duo Ready, µATX, VGA onb 64MB, FSB 1066, ATA100, SATA RAID, DDRII t/m 533, 2xPCI, 1xPCI Express, 1xPCI-E 16x, LAN, USB2.0, Audio 5.1', '54,75', '99999', '0', '0');
INSERT INTO `product` (`ID`, `PRODUCTID`, `CATID`, `DESCRIPTION`, `PRICE`, `STOCK`, `FRONTPAGE`, `NEW`) VALUES ('13', '02E020', '5', 'ECS RC410L/800-M2 (V1.0), µATX, FSB 1066, VGAob 256MB, ATA100, SATAII RAID, DDRII 667, 2xPCI, 1xPCI Express, 1xPCI-E 16x, Gb LAN, USB2.0, Audio 7.1', '65,45', '99999', '0', '0');
INSERT INTO `product` (`ID`, `PRODUCTID`, `CATID`, `DESCRIPTION`, `PRICE`, `STOCK`, `FRONTPAGE`, `NEW`) VALUES ('14', '02E017', '5', 'ECS 945PL-A (V3.0), ATX, FSB800, ATA100, SATAII, Dual ch. DDRII t/m 533, 4xPCI, 1xPCI Express, 2xPCI-E 16x, LAN, USB2.0, Audio 5.1', '69,02', '99999', '0', '0');
INSERT INTO `product` (`ID`, `PRODUCTID`, `CATID`, `DESCRIPTION`, `PRICE`, `STOCK`, `FRONTPAGE`, `NEW`) VALUES ('15', '02E001', '5', 'ECS 945P-A (V3.0) Core 2 Duo Ready, ATX, FSB1066, ATA100, SATAII, Dual ch. DDRII, 2xPCI, 1xPCI Express, 1xPCI-E 16x, LAN, USB2.0, Audio 5.1', '77,36', '99999', '0', '0');
INSERT INTO `product` (`ID`, `PRODUCTID`, `CATID`, `DESCRIPTION`, `PRICE`, `STOCK`, `FRONTPAGE`, `NEW`) VALUES ('16', '02E014', '5', 'ECS 945G-M3 (V3.0) Core 2 Duo Ready, µATX, VGA onb, FSB1066, ATA100, SATAII, Dual ch. DDRII, 2xPCI, 1xPCI Express, 1xPCI-E 16x, LAN, USB2.0, Audio 7.1', '71,4', '99999', '0', '0');
INSERT INTO `product` (`ID`, `PRODUCTID`, `CATID`, `DESCRIPTION`, `PRICE`, `STOCK`, `FRONTPAGE`, `NEW`) VALUES ('17', '02E019', '5', 'ECS P965T-A (V1.0), ATX, FSB1066, ATA100, SATAII RAID, Dual ch. DDRII 800, 3xPCI, 2xPCI Express, 2xPCI-E 16x, Gb LAN, USB2.0, Audio 7.1', '97,59', '99999', '0', '0');
INSERT INTO `product` (`ID`, `PRODUCTID`, `CATID`, `DESCRIPTION`, `PRICE`, `STOCK`, `FRONTPAGE`, `NEW`) VALUES ('18', '02E028', '5', 'ECS PX1 (1.0B), ATX, FSB1066, ATA100, SATAII RAID, Dual ch. DDRII 800, 3xPCI, 2xPCI Express, 2xPCI-E 16x, Gb LAN, USB2.0, Audio 7.1', '155,9', '99999', '0', '0');
INSERT INTO `category` (`ID`, `DESC`, `GROUPID`) VALUES ('6', 'AMD 64bit AM2 for PCI-Express', '2');
INSERT INTO `product` (`ID`, `PRODUCTID`, `CATID`, `DESCRIPTION`, `PRICE`, `STOCK`, `FRONTPAGE`, `NEW`) VALUES ('19', '02E015', '6', 'ECS C51GM-M (V1.0), µATX,  VGA onb, FSB2000, ATA133, SATA RAID, Dual ch. DDRII 800MHz, 2xPCI, 1xPCI Express, 1xPCI-E 16x, LAN, USB2.0, Audio 5.1', '58,31', '99999', '0', '0');
INSERT INTO `product` (`ID`, `PRODUCTID`, `CATID`, `DESCRIPTION`, `PRICE`, `STOCK`, `FRONTPAGE`, `NEW`) VALUES ('20', '02E021', '6', 'ECS NFORCE4M-A (V3.0), ATX, FSB2000, ATA133, SATA, Dual ch. DDRII 800MHz, 3xPCI, 2xPCI Express, 1xPCI-E 16x, LAN, USB2.0, Audio 5.1', '61,87', '99999', '0', '0');
INSERT INTO `product` (`ID`, `PRODUCTID`, `CATID`, `DESCRIPTION`, `PRICE`, `STOCK`, `FRONTPAGE`, `NEW`) VALUES ('21', '02E029', '6', 'ECS RS485M-M (V1.0), µATX, VGA onb, FSB2000, ATA133, SATA RAID, Dual ch. DDRII 800MHz, 2xPCI, 1xPCI Express, 1xPCI-E 16x, LAN, USB2.0, Audio 5.1', '69,61', '99999', '0', '0');
INSERT INTO `product` (`ID`, `PRODUCTID`, `CATID`, `DESCRIPTION`, `PRICE`, `STOCK`, `FRONTPAGE`, `NEW`) VALUES ('22', '02E027', '6', 'ECS KA3 MVP (V1.0A), µATX, VGA onb, FSB2000, ATA133, SATAII RAID, Dual ch. DDRII 800MHz, 2xPCI, 1xPCI Express, 2xPCI-E 16x, LAN, USB2.0, Audio 7.1', '129,71', '99999', '0', '0');
INSERT INTO `category` (`ID`, `DESC`, `GROUPID`) VALUES ('7', 'AMD 64bit LGA754 for AGP', '2');
INSERT INTO `product` (`ID`, `PRODUCTID`, `CATID`, `DESCRIPTION`, `PRICE`, `STOCK`, `FRONTPAGE`, `NEW`) VALUES ('23', '02E036', '7', 'ECS 760GX-M2 (V3.0), µATX,  VGA onb, FSB1600, ATA133, SATA, IDE Raid, DDR400, 2xPCI, 8xAGP, LAN, USB2.0, Audio 5.1', '49,38', '99999', '0', '0');
INSERT INTO `category` (`ID`, `DESC`, `GROUPID`) VALUES ('8', 'AMD LGA462 for AGP', '2');
INSERT INTO `product` (`ID`, `PRODUCTID`, `CATID`, `DESCRIPTION`, `PRICE`, `STOCK`, `FRONTPAGE`, `NEW`) VALUES ('24', '02E037', '8', 'PC-chips M825LU (V7.2A), µATX, VGA onb, S462, ATA133, SATA, DDR266, 2xPCI, 1x 4xAGP, LAN, USB2.0, Audio 2.0', '41,77', '99999', '0', '0');
INSERT INTO `category` (`ID`, `DESC`, `GROUPID`) VALUES ('9', 'AMD Motherboard with CPU', '2');
INSERT INTO `product` (`ID`, `PRODUCTID`, `CATID`, `DESCRIPTION`, `PRICE`, `STOCK`, `FRONTPAGE`, `NEW`) VALUES ('25', '02E008', '9', 'PC-chips M848A (5.1C), ATX, S462, ATA133, DDR400, 3xPCI, 8xAGP, LAN, USB2.0, Audio 5.1 incl. AMD Geode NX 1750+ 1.4GHz', '77,29', '99999', '0', '0');
INSERT INTO `product` (`ID`, `PRODUCTID`, `CATID`, `DESCRIPTION`, `PRICE`, `STOCK`, `FRONTPAGE`, `NEW`) VALUES ('26', '02E011', '9', 'ECS 755-A2 (1.0), ATX, MpGA563, ATA133, SATA Raid, DDR400, 5xPCI, 8xAGP, LAN, USB2.0, Audio 5.1 incl. AMD Athlon M-2800+', '80,32', '99999', '0', '0');
INSERT INTO `product` (`ID`, `PRODUCTID`, `CATID`, `DESCRIPTION`, `PRICE`, `STOCK`, `FRONTPAGE`, `NEW`) VALUES ('27', '02E035', '9', 'PC-chips A31G (V1.0)), µATX, VGA onb, S754, ATA133, SATA Raid, DDR400, 2xPCI, 1x PCI-E 16x, 1x AGP Pro, LAN, USB2.0, Audio 5.1 incl.  AMD Athlon M-2800+', '92,49', '99999', '0', '0');
INSERT INTO `product` (`ID`, `PRODUCTID`, `CATID`, `DESCRIPTION`, `PRICE`, `STOCK`, `FRONTPAGE`, `NEW`) VALUES ('28', '02E013', '9', 'ECS NFORCE4-A754 (1.0C), ATX, MpGA563, ATA133, SATA Raid, DDR400, 3xPCI, 1xPCI Express, 1xPCI-E 16x, LAN, USB2.0, Audio 5.1 incl. AMD Athlon XP-M 2800+', '102,24', '99999', '0', '0');
INSERT INTO `category` (`ID`, `DESC`, `GROUPID`) VALUES ('10', 'AOpen', '2');
INSERT INTO `category` (`ID`, `DESC`, `GROUPID`) VALUES ('11', 'Intel Pentium Mobile LGA479 for PCI-Express', '2');
INSERT INTO `product` (`ID`, `PRODUCTID`, `CATID`, `DESCRIPTION`, `PRICE`, `STOCK`, `FRONTPAGE`, `NEW`) VALUES ('29', '02A101', '11', 'AOpen I915Ga-HFS, Intel 915G, ATX, FSB533, ATA100, SATA, DDRII533, VGAob, 3xPCI, 1xPCI Express, 1xPCI-E16x, 1394, Marvell Gb LAN, USB2.0, Audio 7.1', '212,87', '99999', '0', '0');
INSERT INTO `product` (`ID`, `PRODUCTID`, `CATID`, `DESCRIPTION`, `PRICE`, `STOCK`, `FRONTPAGE`, `NEW`) VALUES ('30', '02A111', '7', 'AOpen n250a-FR, nForce3 250, ATX, FSB800, ATA133 Raid, SATA, DDR400, 5xPCI, 8xAGP, LAN, USB2.0, Audio 5.1', '85,38', '99999', '0', '0');
INSERT INTO `category` (`ID`, `DESC`, `GROUPID`) VALUES ('12', 'Giga-Byte', '2');
INSERT INTO `product` (`ID`, `PRODUCTID`, `CATID`, `DESCRIPTION`, `PRICE`, `STOCK`, `FRONTPAGE`, `NEW`) VALUES ('31', '02G096', '4', 'Giga-Byte 8I865GME-775-RH, Intel 865, µATX, FSB 800, ATA100, SATA, Dual ch. DDR400, 3xPCI, 8xAGP, LAN, USB2.0, Audio 5.1', '54,12', '99999', '0', '0');
INSERT INTO `product` (`ID`, `PRODUCTID`, `CATID`, `DESCRIPTION`, `PRICE`, `STOCK`, `FRONTPAGE`, `NEW`) VALUES ('32', '02G108', '5', 'Giga-Byte 945PL-S3, 945PL Express Chipset, Core 2 Duo Ready, ATX, FSB 800, ATA100, SATAII, Dual ch. DDRII 533MHz, 3xPCI, 3xPCI Express, 1xPCI-E 16x, Gb LAN, USB2.0, Audio 7.1', '83,43', '99999', '0', '0');
INSERT INTO `product` (`ID`, `PRODUCTID`, `CATID`, `DESCRIPTION`, `PRICE`, `STOCK`, `FRONTPAGE`, `NEW`) VALUES ('33', '02G107', '5', 'Giga-Byte 945P-S3, 945P Express Chipset, Core 2 Duo Ready, ATX, FSB 1066, ATA100, SATAII, Dual ch. DDRII 667MHz, 3xPCI, 3xPCI Express, 1xPCI-E 16x, Gb LAN, USB2.0, Audio 7.1', '93,58', '99999', '0', '0');
INSERT INTO `product` (`ID`, `PRODUCTID`, `CATID`, `DESCRIPTION`, `PRICE`, `STOCK`, `FRONTPAGE`, `NEW`) VALUES ('34', '02G106', '5', 'Giga-Byte 945GM-S2, 945G Express Chipset, Core 2 Duo Ready, µATX, FSB 1066, ATA100, SATAII, Dual ch. DDRII 667MHz, 2xPCI, 1xPCI Express, 1xPCI-E 16x, Gb LAN, USB2.0, Audio 7.1', '95,83', '99999', '0', '0');
INSERT INTO `product` (`ID`, `PRODUCTID`, `CATID`, `DESCRIPTION`, `PRICE`, `STOCK`, `FRONTPAGE`, `NEW`) VALUES ('35', '02G105', '5', 'Giga-Byte 965P-S3, 965P Express Chipset, Core 2 Duo Ready, ATX, FSB 1066, ATA100, SATAII Raid, Dual ch. DDRII 800MHz, 3xPCI, 3xPCI Express, 1xPCI-E 16x, Gb LAN, USB2.0, Audio 7.1', '125,14', '99999', '0', '0');
INSERT INTO `product` (`ID`, `PRODUCTID`, `CATID`, `DESCRIPTION`, `PRICE`, `STOCK`, `FRONTPAGE`, `NEW`) VALUES ('36', '02G113', '5', 'Giga-Byte 965GM-S2, 965G Express Chipset, Core 2 Duo Ready, µATX, FSB 1066, ATA100, SATAII, Dual ch. DDRII 800MHz, 2xPCI, 1xPCI Express, 1xPCI-E 16x, Gb LAN, 1394, USB2.0, Audio 7.1', '130,78', '99999', '0', '0');
INSERT INTO `product` (`ID`, `PRODUCTID`, `CATID`, `DESCRIPTION`, `PRICE`, `STOCK`, `FRONTPAGE`, `NEW`) VALUES ('37', '02G109', '5', 'Giga-Byte 965P-DQ6, 965P Express Chipset, Core 2 Duo Ready, ATX, FSB 1066, ATA100, SATAII Raid, Dual ch. DDRII 800MHz, 2xPCI, 3xPCI Express, 2xPCI-E 16x, 1394, Gb LAN, USB2.0, Audio 7.1', '220,96', '99999', '0', '0');
INSERT INTO `product` (`ID`, `PRODUCTID`, `CATID`, `DESCRIPTION`, `PRICE`, `STOCK`, `FRONTPAGE`, `NEW`) VALUES ('38', '02G111', '6', 'Giga-Byte M61PM-S2, nForce 430, µATX, FSB2000, ATA133, SATAII Raid, Dual ch. DDRII t/m 800MHz, 2xPCI, 1xPCI Express, 1xPCI-E 16x, 1394a, Gb LAN, USB2.0, Audio 7.1 RoHS', '74,4', '99999', '0', '0');
INSERT INTO `product` (`ID`, `PRODUCTID`, `CATID`, `DESCRIPTION`, `PRICE`, `STOCK`, `FRONTPAGE`, `NEW`) VALUES ('39', '02G110', '6', 'Giga-Byte M55S-S3, nForce 550, ATX, FSB2000, ATA133, SATAII Raid, Dual ch. DDRII t/m 800MHz, 2xPCI, 4xPCI Express, 1xPCI-E 16x, 1394a, Gb LAN, USB2.0, Audio 7.1 RoHS', '91,32', '99999', '0', '0');
INSERT INTO `product` (`ID`, `PRODUCTID`, `CATID`, `DESCRIPTION`, `PRICE`, `STOCK`, `FRONTPAGE`, `NEW`) VALUES ('40', '02G103', '6', 'Giga-Byte M57SLI-S4, nForce 570-SLI, ATX, FSB2000, ATA133, SATAII Raid, Dual ch. DDRII t/m 800MHz, 2xPCI, 3xPCI Express, 2xPCI-E 16x, 1394a, Gb LAN, USB2.0, Audio 7.1 RoHS', '138,67', '99999', '0', '0');